{
  "access_token": "v4.local.evfA3sh-d89EgJTbyd_Wu3jb5YRumjEImZ3x-1BPYN8Bub11B1sdcy3fB_rKp3hDFGnUpNf2nSq4DI6tpHjoKVcEa1V8spfcF3lK1bUYj5Imffdz8shQN2BqOa0YJJqOLi6qw80UD_nrrfWd688mIajymQzXUHkgGGSwxyidokVA_4gSyJTE9EoKQeY",
  "token_type": "Bearer",
  "expires_in": null,
  "scope": null,
  "refresh_token": "v4.local.XchfC4mY2Nqdqt1ozZkfdejLTR68VwwzU30bEgKDPhLXjWRiwnqD7TDeSYiYBE_4lLufUOeFDNbnxlrLJa3qPmwVVWG3qzeJ1SD7AV1kcWwekV9yfCDGP2C5fP1uA5eBLlpx3R_XQiZ9ZHL1C3jHxqu_AbPZ1Bkn75xrbpEvE7CP_xrytkbdDTlziLE"
}