{
  "access_token": "v4.local.VYpMkOVagIUu_VtYg4FV6Q5PLetKR7SY517_Zhv9HqFjZRKuDhfA4PzeFECTj01P9iyUIonkKl9kNVhspUI0I0D3OLF-WjJUrYPwKx6yE4Ass6ryU4My0m1DJfVebGcTAeYA98yDXTfxApYTU74vggT--dufc4mJtylP7unhMu3K5AsWm06MPt8KPSMKgg",
  "token_type": "Bearer",
  "expires_in": null,
  "scope": null,
  "refresh_token": "v4.local.vdwd4p6_9TJ-ZpOLGdRYroo4kPTPt3eh3jBFcnJ2ygBRJsArBiNsyxGvBc1wAyUFvYIYKDCs0COo49RSlTugfwC3JEXgoKTGO-G4flmuwieDNuusAHmqm2dQ22dtB6TwRx8b8UK9dVDkAC9qAlElquGZ6eS4--xLap6I4jSOqwD58PFUNkM8emk5e9jJfw"
}