{
  "access_token": "v4.local.LDv99Rpn8dINCYjKTN5oU2uty89MXqRGiS0ZifpXGOIs8Pe83hmYM2T51xY7po2wxoPuKi7gjLr2Fx5-l7Vx3F1qDCl3Bpgvyl9OqgeWPVOlgdvRsfMkOXDt0gVi1e2pgKfmGUL9UfzPWHwjpOWmEA_pIKramJeL5K3iMzJkOzm4vWEh9oliAt9eI_611C9lzKZ3",
  "token_type": "Bearer",
  "expires_in": null,
  "scope": null,
  "refresh_token": "v4.local.UG7hfwviwrCqQ95wxUZ_8AheQuGIQEMue4wOEDmW3Nfns-Ccim5_cltF21WUghk25XYQV36mm7VHamzHCXsUf_L3thmKXAVlZ1baKPPYq9jxzAUMsG9ljlPVES2VISghaFv07r61F5RMATb1k574SPHJCMDMLJPJnoPxD-OvS8QUtKiqNePLa5_MyQdDHSdxf_6V"
}