{
  "access_token": "v4.local.ug0VZbNx6Bxj0FElEtwxW0tB5SNIknuBQx9mIncZx0SIO-NsPBvaYuWnBTKm3akwtzYeTIuRQK_eaKXFx1bqDV94Rd9rcIw5FiQuOK6Vkk9jJb4VOjIYUhshsRAfG3yR-G0sCRTBZR3YQ79ihUmeQPW8pgdLl79_QGfMQOpZ5XncGD3QcwwPBeui-i7I14iO37vY",
  "token_type": "Bearer",
  "expires_in": null,
  "scope": null,
  "refresh_token": "v4.local.YNSDN8QK8U4jrS3PmeFwfvh9CIBYhhKm_d8YP1TDa7GvnD2CaTWgMt8CCskjoQdB7uGuq1s_BuwNFNPgFo1idIS1BkB1sSi9KFV9Av_TqdJG6r5K0aP8HDsFZDkzqHKrYZSApEr8aR3CMQGWBFcC7Orie0GZKEZF6vaVYQDMcYNGk0-VO00lJsz5GQshmNiBScbV"
}