{
  "access_token": "v4.local.hnDb96iCM42--OWzQXvrkFrX4H3PTBvimRTFHASwjbn6T3azZL0Sx6A1tuX3LX1GQx2NuCM-wPZ8m1R10WmQKVaaORYYK0Ko0c9sakGKAZdsEpDm3HwHYhAEJT9eNjU5iqr-JloLM5uOMdDSBsWt_-Wiu8zN9YJ4CbwlbG2SDPMhPEQlvVCdLkInGh7U0kEP",
  "token_type": "Bearer",
  "expires_in": null,
  "scope": null,
  "refresh_token": "v4.local.LuJ8Pkivr733oepwr2jVCmNmriVmaYanwZpX6PD2WMqqZzXGhy1RxOiltnPoS70eIW9t8400FNhB8AGzm_-A-vuU4WbugCwH3d0pZe_DA444r7BM3F8v6Z2YqxHxofA8k2NUY51t94SGofoEtR5ai-8MgajmXcw-3x6RbZ0YNqCPhlDVO9tXFM_YBEFLU12e"
}