{
  "access_token": "v4.local.HSP7klQPTCirGOMtJ35pJB9yNF2zlsA6sd7A3zVvTO-fli4tjKKWRTJo_rkDtzbQraJpeO-LGUTkFtj9mg_gVyhsqJFZTOHtSBSKEIMqHBQWHPP88h86w1w-u2SJx_Biqeh0bVy5SzM_FGttV902G3inkpa8IvO-Tsrvf4RC-4ICi6b05QR_6XPpNu_MucxnIgEB2w",
  "token_type": "Bearer",
  "expires_in": null,
  "scope": null,
  "refresh_token": "v4.local.KSLNvsClgLJUzQ5MPNqfCq89QmzdN6XKQY4ZnAgxUPpv_zkmY3KaDGtmWNRcF6vQq8jFYnawP1Lh4-sOOUYpqHkOBvDL8lgJWR2QBzdTN0dBzkGQ_qpjoJUWbHYxsne6fbomqasSm3vOiS07H24TbyEnhdUI00tHYEhmrcALnkR8U3iw6uKCSL2WSJqQAuFZCfKNsQ"
}