{
  "access_token": "v4.local.qogIknzP5HeB0Gee1zx6DMvevyFdwcnZufuTYGudm6AtnaD4qs44dchn1QX2weKz_lNDZQ-cpepOdOWEGpv6hby2WTl3P88e2TpMAsAjNoFbSK-43quHZ0o6jYwuP8_Wn2cqCZcufQwnoPfkYPMWLcI9NN9TFn02Pm4YZWb_vnoi4iwNegMBFSMFSLp6s-ggoArruQ",
  "token_type": "Bearer",
  "expires_in": null,
  "scope": null,
  "refresh_token": "v4.local.y7IrBez1QLB9ySfUc5iusMEIZzECZzmSB3Qo44YA8BAwigTBpAQLjuf2J6r2t76rdngcTC2FbynWG5-F0V2n073FcInlbg9P4TjYfpubMgf6-6P5HPgdvFA3L6wNL6v--GzxbZfLougrMztDcGGdE1cfJ7C4uOlXw9sVjeI-JgX3mzBYG6736IhmaiXhldhNZ_fUow"
}