{
  "access_token": "v4.local.FVkB6E6ZOwO5T9CytQX_NZRNrW273a0LlKz1VdP1xc26gEaAaScLug4bhkcep5GY1M0N5jYwRkQVwz0FA5Y7Hi3v-6bJaMTxzQMFX4i1vDS663NqwD52GpwBkbEkaeaxYkIYk68ghMM7O3-cca8jcp2b9BCMmOCvvnVhvbdt1Y_d434o6HfLMh9JE-kIKKA",
  "token_type": "Bearer",
  "expires_in": null,
  "scope": null,
  "refresh_token": "v4.local.aOLlkAXG5u7reiBqoQ0bCV8o5V56bU_S_T8b2aFXQjhZhFe7jLIzANA4eUQ2WbyWCzV_1x4NRGwSy0h_pxjNHXhWCiCAtk688ge8DuZP3_-AyGUwsfqsqEfHCffcA0K_1YehcnseBbJiigyQTdAdexrbMn-a8ldxjUMVaD2oG1JYtsv6DWbKu5oegkO_kG4"
}